{
  "id": "198fa7af-2d40-445e-b2bc-a03e8a168693",
  "generation": 2,
  "iteration": 10,
  "timestamp": 1782700428.7590148,
  "parent_id": "8169d4bb-036c-48fb-bb61-e49b5d230609",
  "metrics": {
    "c5_bound": 0.38289299607276917,
    "combined_score": 0.994855061376091,
    "n_points": 200,
    "eval_time": 0.3766951560974121
  },
  "language": "python",
  "saved_at": 1782701047.446589
}